{
  "accuracy": 0.12375193362396288,
  "precision": 0.14274850398054903,
  "recall": 0.12375193362396288,
  "f1": 0.10220208891179394,
  "report": "                precision    recall  f1-score   support\n\n    admiration       0.10      0.04      0.05       465\n     amusement       0.21      0.56      0.30       252\n         anger       0.05      0.06      0.05       226\n     annoyance       0.11      0.04      0.06       403\n       anxiety       0.00      0.00      0.00         0\n      approval       0.16      0.01      0.03       535\n        caring       0.03      0.08      0.05       179\n     confusion       0.05      0.07      0.06       220\n     curiosity       0.07      0.10      0.08       282\n        desire       0.04      0.21      0.07       113\ndisappointment       0.09      0.02      0.04       255\n   disapproval       0.08      0.06      0.07       340\n       disgust       0.05      0.08      0.06       157\n embarrassment       0.05      0.09      0.06        76\n    excitement       0.13      0.08      0.10       170\n          fear       0.10      0.17      0.13        92\n     gratitude       0.37      0.66      0.47       280\n         grief       0.01      0.10      0.02        21\n           joy       0.16      0.15      0.15       229\n          love       0.22      0.52      0.30       215\n   nervousness       0.00      0.00      0.00        57\n       neutral       0.21      0.04      0.06      1510\n      optimism       0.19      0.20      0.20       254\n         pride       0.01      0.07      0.02        42\n   realization       0.06      0.01      0.02       269\n        relief       0.01      0.02      0.01        44\n       remorse       0.14      0.46      0.21        74\n       sadness       0.23      0.10      0.14       192\n      surprise       0.10      0.20      0.13       159\n      sympathy       0.00      0.00      0.00         0\n\n      accuracy                           0.12      7111\n     macro avg       0.10      0.14      0.10      7111\n  weighted avg       0.14      0.12      0.10      7111\n"
}