{
  "timestamp": "2025-11-17T05:55:52.717134",
  "hyperparameters": {
    "epochs": 2,
    "lr": 2e-05,
    "train_bs": 8,
    "eval_bs": 16,
    "max_len": 128,
    "fp16": true
  },
  "metrics": {
    "accuracy": 0.3272394881170018,
    "precision": 0.2993543632014965,
    "recall": 0.3272394881170018,
    "f1": 0.29865611300727835
  }
}