{
  "accuracy": 0.11489242019406554,
  "precision": 0.11947228960004272,
  "recall": 0.11489242019406554,
  "f1": 0.09018302928270099,
  "report": "                precision    recall  f1-score   support\n\n    admiration       0.05      0.04      0.04       465\n     amusement       0.19      0.57      0.28       252\n         anger       0.02      0.03      0.02       226\n     annoyance       0.05      0.03      0.04       403\n       anxiety       0.00      0.00      0.00         0\n      approval       0.05      0.02      0.03       535\n        caring       0.01      0.02      0.02       179\n     confusion       0.07      0.04      0.05       220\n     curiosity       0.07      0.09      0.08       282\n        desire       0.07      0.21      0.10       113\ndisappointment       0.04      0.02      0.03       255\n   disapproval       0.09      0.02      0.04       340\n       disgust       0.11      0.15      0.13       157\n embarrassment       0.02      0.09      0.03        76\n    excitement       0.06      0.06      0.06       170\n          fear       0.06      0.16      0.08        92\n     gratitude       0.42      0.67      0.52       280\n         grief       0.02      0.14      0.03        21\n           joy       0.08      0.13      0.10       229\n          love       0.21      0.47      0.29       215\n   nervousness       0.00      0.00      0.00        57\n       neutral       0.18      0.01      0.02      1510\n      optimism       0.23      0.20      0.21       254\n         pride       0.02      0.07      0.03        42\n   realization       0.07      0.03      0.04       269\n        relief       0.06      0.11      0.08        44\n       remorse       0.12      0.49      0.19        74\n       sadness       0.12      0.10      0.11       192\n      surprise       0.22      0.19      0.20       159\n      sympathy       0.00      0.00      0.00         0\n\n      accuracy                           0.11      7111\n     macro avg       0.09      0.14      0.10      7111\n  weighted avg       0.12      0.11      0.09      7111\n"
}