{
  "accuracy": 0.3245675713683026,
  "precision": 0.30118969445035443,
  "recall": 0.3245675713683026,
  "f1": 0.2966451153303493,
  "report": "                precision    recall  f1-score   support\n\n    admiration       0.39      0.41      0.40       465\n     amusement       0.40      0.69      0.50       252\n         anger       0.26      0.26      0.26       226\n     annoyance       0.15      0.11      0.12       403\n       anxiety       0.00      0.00      0.00         0\n      approval       0.24      0.10      0.15       535\n        caring       0.28      0.15      0.20       179\n     confusion       0.33      0.13      0.18       220\n     curiosity       0.28      0.31      0.30       282\n        desire       0.13      0.26      0.17       113\ndisappointment       0.16      0.09      0.12       255\n   disapproval       0.26      0.16      0.19       340\n       disgust       0.20      0.18      0.19       157\n embarrassment       0.21      0.12      0.15        76\n    excitement       0.26      0.11      0.16       170\n          fear       0.29      0.43      0.35        92\n     gratitude       0.55      0.69      0.61       280\n         grief       0.11      0.10      0.10        21\n           joy       0.27      0.30      0.28       229\n          love       0.40      0.63      0.49       215\n   nervousness       0.00      0.00      0.00        57\n       neutral       0.37      0.55      0.44      1510\n      optimism       0.31      0.24      0.27       254\n         pride       0.27      0.07      0.11        42\n   realization       0.22      0.05      0.08       269\n        relief       0.25      0.02      0.04        44\n       remorse       0.30      0.49      0.37        74\n       sadness       0.32      0.24      0.28       192\n      surprise       0.26      0.33      0.29       159\n      sympathy       0.00      0.00      0.00         0\n\n      accuracy                           0.32      7111\n     macro avg       0.25      0.24      0.23      7111\n  weighted avg       0.30      0.32      0.30      7111\n"
}